Timestamp,API,Model,Temperature,Variable 1,Variable 2,Variable 3,Result
2024-06-28 13:06:28.752363,OpenAI,gpt-3.5-turbo-0125,0.7,test,test,test,"After analyzing the variables provided by Agent 1 - VARIABLE 1, VARIABLE 2, and VARIABLE 3 - it is crucial to understand how they relate to the content strategy at hand.

VARIABLE 1: This variable represents a key aspect of the task or project at hand. It is important to ensure that the content created aligns with this variable to effectively communicate the intended message to the target audience.

VARIABLE 2: This variable is another important element to consider in content strategy. It could be related to the tone, voice, or style of the content being created. It is essential to maintain consistency with this variable throughout the content to enhance brand identity and recognition.

VARIABLE 3: Lastly, VARIABLE 3 plays a significant role in shaping the overall content strategy. This could be related to the goals, objectives, or key performance indicators (KPIs) that need to be achieved through the content. It is important to keep this variable top of mind when developing the content to ensure it is effective in driving the desired outcomes.

In conclusion, by carefully analyzing and incorporating these variables into the content strategy, we can create a cohesive and impactful plan that resonates with the target audience and helps achieve the desired goals."
2024-06-28 13:12:53.667442,OpenAI,gpt-3.5-turbo-0125,0.7,اختبار,اختبار,اختبار,"Based on the information gathered from coworker اختبار, it seems that variables 1, 2, and 3 are crucial elements in our current task. While detailed information was not directly accessible, it is clear that these variables play significant roles and are essential for the successful completion of the task. It is important to consider their specific characteristics, potential impacts, and significance in order to effectively manage the team and achieve the best possible outcome."
